Modelo_A,Modelo_B,AUC_A,AUC_B,z,p_value,significancia
Logit,RandomForest,0.7397886044704785,0.7509159928098553,-20.510445236161782,0.0,***
Logit,XGBoost,0.7397886044704785,0.7511049537205777,-20.877531499432386,0.0,***
Logit,MLP,0.7397886044704785,0.7459800175902432,-11.353285980276246,0.0,***
RandomForest,XGBoost,0.7509159928098553,0.7511049537205777,-0.3486057783542359,0.7273852890736094,ns
RandomForest,MLP,0.7509159928098553,0.7459800175902432,9.050960952480239,0.0,***
XGBoost,MLP,0.7511049537205777,0.7459800175902432,9.405829203383348,0.0,***
